{
    "config": {
        "transformers": [
            "TfidfVectorizer(max_features=500,analyzer=\"chars\",lowercase=False,ngram_range=(1, 1),use_idf=True,min_df=3)"
        ],
        "preprocessing": [
            "spelling_correction"
        ],
        "language": "English",
        "features_selection": [],
        "measurements": [
            "accuracy_score"
        ],
        "classifiers": [
            "mlp",
            "svc",
            "lr",
            "rf",
            "mnb"
        ],
        "classification_technique": "CrossValidation(3, 5)",
        "num_of_features": 800
    },
    "results": {
        "accuracy_score": {
            "LinearSVC": [
                0.6666666666666666,
                0.3333333333333333,
                0.5,
                0.889,
                0.3333333333333333,
                0.5,
                0.6666666666666666,
                0.3333333333333333,
                0.5,
                0.6666666666666666,
                0.998,
                0.5,
                0.6666666666666666,
                0.5578,
                0.5
            ],
            "LogisticRegression": [
                0.9,
                0.9,
                0.9,
                0.9,
                0.9,
                0.9,
                0.9,
                0.9,
                0.9,
                0.9,
                0.9,
                0.9,
                0.9,
                0.9,
                0.9
            ],
            "RandomForestClassifier": [
                0.6666666666666666,
                0.3333333333333333,
                0.5,
                0.6666666666666666,
                0.6666666666666666,
                0.5,
                0.6666666666666666,
                0.6666666666666666,
                0.5,
                0.6666666666666666,
                0.6666666666666666,
                0.5,
                0.6666666666666666,
                0.6666666666666666,
                0.5
            ],
            "MultinomialNB": [
                0.9,
                0.9,
                0.9,
                0.9,
                0.9,
                0.9,
                0.9,
                0.01,
                0.9,
                0.9,
                0.9,
                0.9,
                0.9,
                0.9,
                0.9
            ]
        }
    }
}