{
  "config": {
    "transformers": [
      "TfidfVectorizer(max_features=100,analyzer=\"word\",lowercase=False,ngram_range=(1, 1),use_idf=True,min_df=3)"
    ],
    "preprocessing": [
      "spelling_correction"
    ],
    "language": "Hebrew",
    "features_selection": [],
    "measurements": [
      "accuracy_score"
    ],
    "classifiers": [
      "mlp",
      "svc",
      "lr",
      "rf",
      "mnb"
    ],
    "classification_technique": "CrossValidation(3, 5)",
    "num_of_features": 80
  },
  "results": {
    "accuracy_score": {
      "MLPClassifier": [
        0.6666666666666666,
        0.3333333333333333,
        0.5,
        0.6666666666666666,
        0.3333333333333333,
        0.5,
        0.6666666666666666,
        0.3333333333333333,
        0.5,
        0.6666666666666666,
        0.3333333333333333,
        0.5,
        0.6666666666666666,
        0.3333333333333333,
        0.5
      ],
      "LinearSVC": [
        0.6666666666666666,
        0.3333333333333333,
        0.5,
        0.889,
        0.3333333333333333,
        0.5,
        0.6666666666666666,
        0.3333333333333333,
        0.5,
        0.6666666666666666,
        0.998,
        0.5,
        0.6666666666666666,
        0.5578,
        0.5
      ],
      "LogisticRegression": [
        0.6666666666666666,
        0.6666666666666666,
        0.5,
        0.6666666666666666,
        0.6666666666666666,
        0.5,
        0.12344,
        0.6666666666666666,
        0.5,
        0.00235,
        0.6666666666666666,
        0.5,
        0.0074,
        0.00001,
        0.5
      ],
      "RandomForestClassifier": [
        0.6666666666666666,
        0.3333333333333333,
        0.5,
        0.6666666666666666,
        0.6666666666666666,
        0.5,
        0.6666666666666666,
        0.6666666666666666,
        0.5,
        0.6666666666666666,
        0.6666666666666666,
        0.5,
        0.6666666666666666,
        0.6666666666666666,
        0.5
      ],
      "MultinomialNB": [
        0.6666666666666666,
        0.6666666666666666,
        0.5,
        0.6666666666666666,
        0.6666666666666666,
        0.5,
        0.001123,
        0.6666666666666666,
        0.5,
        0.6666666666666666,
        0.874,
        0.5,
        0.6666666666666666,
        0.522,
        0.5
      ]
    }
  }
}